{"entity_count_MISC":6779,"entity_distribution":{"O":250660,"MISC":6779,"PER":17050,"LOC":12316,"ORG":14613},"entity_frac_LOC":0.04086020078429291,"entity_count_O":250660,"entity_frac_O":0.8316026249261822,"dataset":"eriktks/conll2003","total_samples":20744,"entity_frac_ORG":0.04848084719558885,"_wandb":{"runtime":0},"train_samples":14041,"entity_count_LOC":12316,"_timestamp":1.7602775788445635e+09,"_runtime":0,"validation_samples":3250,"test_samples":3453,"total_tokens":301418,"entity_frac_PER":0.0565659648727017,"entity_frac_MISC":0.022490362221234298,"_step":0,"entity_count_PER":17050,"entity_count_ORG":14613}