{"lf_org_suffix/n_tokens":301418,"lf_years/n_labeled":801,"lf_years/coverage":0.0026574391708524374,"lf_years/n_tokens":301418,"_step":0,"lf_years/accuracy":0.0149812734082397,"lf_org_suffix/accuracy":0.9465020576131687,"_timestamp":1.7602786158519855e+09,"_wandb":{"runtime":0},"lf_org_suffix/coverage":0.0008061894113822001,"lf_org_suffix/n_labeled":243,"_runtime":0}